,code_rome,intitule,metier_onisep_1,metier_onisep_2,metier_onisep_3,metier_onisep_4,metier_onisep_5,metier_onisep_6,metier_onisep_7,metier_onisep_8,metier_onisep_9,metier_onisep_10,metier_onisep_11,metier_onisep_12,metier_onisep_13,metier_onisep_14,metier_onisep_15,metier_onisep_16,metier_onisep_17,metier_onisep_18,metier_onisep_19,metier_onisep_20,metier_onisep_21,metier_onisep_22,metier_onisep_23,metier_onisep_24,metier_onisep_25,metier_onisep_26,metier_onisep_27,metier_onisep_28,metier_onisep_29,metier_onisep_30,metier_onisep_31,metier_onisep_32,metier_onisep_33,metier_onisep_34,metier_onisep_35,metier_onisep_36,metier_onisep_37,metier_onisep_38,metier_onisep_39,metier_onisep_40
0,A1101,Conduite d'engins agricoles et forestiers,conducteur / conductrice de machines agricoles,,,,,,,,,,,,,,,,,,,,,,,,,,,,,,,,,,,,,,,
1,A1201,Bûcheronnage et élagage,technicien forestier / technicienne forestière,élagueur / élagueuse,,,,,,,,,,,,,,,,,,,,,,,,,,,,,,,,,,,,,,
2,A1202,Entretien des espaces naturels,,,,,,,,,,,,,,,,,,,,,,,,,,,,,,,,,,,,,,,,
3,A1203,Entretien des espaces verts,ouvrier / ouvrière paysagiste,technicien / technicienne paysagiste,,,,,,,,,,,,,,,,,,,,,,,,,,,,,,,,,,,,,,
4,A1204,Protection du patrimoine naturel,"garde (chasse, pêche, littoral, rivière, parcs nationaux)",chargé / chargée d'études naturalistes,,,,,,,,,,,,,,,,,,,,,,,,,,,,,,,,,,,,,,
5,A1205,Sylviculture,ouvrier forestier / ouvrière forestière,,,,,,,,,,,,,,,,,,,,,,,,,,,,,,,,,,,,,,,
6,A1301,Conseil et assistance technique en agriculture,conseiller / conseillère agricole,,,,,,,,,,,,,,,,,,,,,,,,,,,,,,,,,,,,,,,
7,A1302,Contrôle et diagnostic technique en agriculture,contrôleur / contrôleuse de performance,,,,,,,,,,,,,,,,,,,,,,,,,,,,,,,,,,,,,,,
8,A1303,Ingénierie en agriculture et environnement naturel,ingénieur forestier / ingénieure forestière,paysagiste,agronome,expert /experte bilan carbone,chef de projet biodiversité,chargé / chargée d'études en valorisation agricole des déchets,ingénieur / ingénieure en production et expérimentations végétales,animateur / animatrice de bassin versant,halieute,inséminateur / inséminatrice,,,,,,,,,,,,,,,,,,,,,,,,,,,,,,
9,A1401,Aide agricole de production fruitière ou viticole,,,,,,,,,,,,,,,,,,,,,,,,,,,,,,,,,,,,,,,,
10,A1402,Aide agricole de production légumière ou végétale,,,,,,,,,,,,,,,,,,,,,,,,,,,,,,,,,,,,,,,,
11,A1403,Aide d'élevage agricole et aquacole,palefrenier / palefrenière,ouvrier / ouvrière agricole,,,,,,,,,,,,,,,,,,,,,,,,,,,,,,,,,,,,,,
12,A1404,Aquaculture,aquaculteur / aquacultrice,,,,,,,,,,,,,,,,,,,,,,,,,,,,,,,,,,,,,,,
13,A1405,Arboriculture et viticulture,viticulteur / viticultrice,arboriculteur / arboricultrice,,,,,,,,,,,,,,,,,,,,,,,,,,,,,,,,,,,,,,
14,A1406,Encadrement équipage de la pêche,,,,,,,,,,,,,,,,,,,,,,,,,,,,,,,,,,,,,,,,
15,A1407,Élevage bovin ou équin,éleveur / éleveuse,,,,,,,,,,,,,,,,,,,,,,,,,,,,,,,,,,,,,,,
16,A1408,Élevage d'animaux sauvages ou de compagnie,animalier / animalière de laboratoire,dresseur / dresseuse d'animaux,apiculteur / apicultrice,,,,,,,,,,,,,,,,,,,,,,,,,,,,,,,,,,,,,
17,A1409,Élevage de lapins et volailles,,,,,,,,,,,,,,,,,,,,,,,,,,,,,,,,,,,,,,,,
18,A1410,Élevage ovin ou caprin,,,,,,,,,,,,,,,,,,,,,,,,,,,,,,,,,,,,,,,,
19,A1411,Élevage porcin,,,,,,,,,,,,,,,,,,,,,,,,,,,,,,,,,,,,,,,,
20,A1412,Fabrication et affinage de fromages,,,,,,,,,,,,,,,,,,,,,,,,,,,,,,,,,,,,,,,,
21,A1413,Fermentation de boissons alcoolisées,oenologue,caviste,,,,,,,,,,,,,,,,,,,,,,,,,,,,,,,,,,,,,,
22,A1414,Horticulture et maraîchage,horticulteur / horticultrice,chef de cultures légumières,maraîcher / maraîchère,,,,,,,,,,,,,,,,,,,,,,,,,,,,,,,,,,,,,
23,A1415,Equipage de la pêche,matelot à la pêche,,,,,,,,,,,,,,,,,,,,,,,,,,,,,,,,,,,,,,,
24,A1416,"Polyculture, élevage",agriculteur / agricultrice,,,,,,,,,,,,,,,,,,,,,,,,,,,,,,,,,,,,,,,
25,A1417,Saliculture,,,,,,,,,,,,,,,,,,,,,,,,,,,,,,,,,,,,,,,,
26,A1501,Aide aux soins animaux,soigneur animalier / soigneuse animalière,auxiliaire spécialisé / spécialisée vétérinaire,,,,,,,,,,,,,,,,,,,,,,,,,,,,,,,,,,,,,,
27,A1502,Podologie animale,maréchal-ferrant / maréchale-ferrante,,,,,,,,,,,,,,,,,,,,,,,,,,,,,,,,,,,,,,,
28,A1503,Toilettage des animaux,toiletteur / toiletteuse d'animaux,,,,,,,,,,,,,,,,,,,,,,,,,,,,,,,,,,,,,,,
29,A1504,Santé animale,vétérinaire,,,,,,,,,,,,,,,,,,,,,,,,,,,,,,,,,,,,,,,
30,B1101,Création en arts plastiques,,,,,,,,,,,,,,,,,,,,,,,,,,,,,,,,,,,,,,,,
31,B1201,Réalisation d'objets décoratifs et utilitaires en céramique et matériaux de synthèse,céramiste,technicien / technicienne céramiste,,,,,,,,,,,,,,,,,,,,,,,,,,,,,,,,,,,,,,
32,B1301,Décoration d'espaces de vente et d'exposition,étalagiste,,,,,,,,,,,,,,,,,,,,,,,,,,,,,,,,,,,,,,,
33,B1302,Décoration d'objets d'art et artisanaux,restaurateur / restauratrice d'oeuvres d'art,,,,,,,,,,,,,,,,,,,,,,,,,,,,,,,,,,,,,,,
34,B1303,Gravure - ciselure,orfèvre,,,,,,,,,,,,,,,,,,,,,,,,,,,,,,,,,,,,,,,
35,B1401,"Réalisation d'objets en lianes, fibres et brins végétaux",,,,,,,,,,,,,,,,,,,,,,,,,,,,,,,,,,,,,,,,
36,B1402,Reliure et restauration de livres et archives,relieur-doreur / relieuse-doreuse,,,,,,,,,,,,,,,,,,,,,,,,,,,,,,,,,,,,,,,
37,B1501,Fabrication et réparation d'instruments de musique,facteur/ factrice d'instruments,,,,,,,,,,,,,,,,,,,,,,,,,,,,,,,,,,,,,,,
38,B1601,Métallerie d'art,bronzier / bronzière,ferronnier / ferronnière d'art,,,,,,,,,,,,,,,,,,,,,,,,,,,,,,,,,,,,,,
39,B1602,Réalisation d'objets artistiques et fonctionnels en verre,souffleur / souffleuse de verre,verrier / verrière au chalumeau,vitrailliste,,,,,,,,,,,,,,,,,,,,,,,,,,,,,,,,,,,,,
40,B1603,"Réalisation d'ouvrages en bijouterie, joaillerie et orfèvrerie",bijoutier-joaillier / bijoutière-joaillière,,,,,,,,,,,,,,,,,,,,,,,,,,,,,,,,,,,,,,,
41,B1604,Réparation - montage en systèmes horlogers,horloger / horlogère,,,,,,,,,,,,,,,,,,,,,,,,,,,,,,,,,,,,,,,
42,B1701,Conservation et reconstitution d'espèces animales,,,,,,,,,,,,,,,,,,,,,,,,,,,,,,,,,,,,,,,,
43,B1801,Réalisation d'articles de chapellerie,modiste,,,,,,,,,,,,,,,,,,,,,,,,,,,,,,,,,,,,,,,
44,B1802,Réalisation d'articles en cuir et matériaux souples (hors vêtement),maroquinier / maroquinière,bottier / bottière,sellier / sellière,,,,,,,,,,,,,,,,,,,,,,,,,,,,,,,,,,,,,
45,B1803,Réalisation de vêtements sur mesure ou en petite série,tailleur-couturier / tailleuse-couturière,,,,,,,,,,,,,,,,,,,,,,,,,,,,,,,,,,,,,,,
46,B1804,Réalisation d'ouvrages d'art en fils,brodeur / brodeuse,,,,,,,,,,,,,,,,,,,,,,,,,,,,,,,,,,,,,,,
47,B1805,Stylisme,styliste,,,,,,,,,,,,,,,,,,,,,,,,,,,,,,,,,,,,,,,
48,B1806,Tapisserie - décoration en ameublement,tapissier / tapissière d'ameublement,,,,,,,,,,,,,,,,,,,,,,,,,,,,,,,,,,,,,,,
49,C1101,Conception - développement produits d'assurances,,,,,,,,,,,,,,,,,,,,,,,,,,,,,,,,,,,,,,,,
50,C1102,Conseil clientèle en assurances,agent général / agente générale d'assurances,conseiller / conseillère en assurances,,,,,,,,,,,,,,,,,,,,,,,,,,,,,,,,,,,,,,
51,C1103,Courtage en assurances,courtier / courtière,,,,,,,,,,,,,,,,,,,,,,,,,,,,,,,,,,,,,,,
52,C1104,Direction d'exploitation en assurances,,,,,,,,,,,,,,,,,,,,,,,,,,,,,,,,,,,,,,,,
53,C1105,Études actuarielles en assurances,actuaire,gestionnaire actif/passif,,,,,,,,,,,,,,,,,,,,,,,,,,,,,,,,,,,,,,
54,C1106,Expertise risques en assurances,expert / experte en assurances,,,,,,,,,,,,,,,,,,,,,,,,,,,,,,,,,,,,,,,
55,C1107,Indemnisations en assurances,,,,,,,,,,,,,,,,,,,,,,,,,,,,,,,,,,,,,,,,
56,C1108,Management de groupe et de service en assurances,,,,,,,,,,,,,,,,,,,,,,,,,,,,,,,,,,,,,,,,
57,C1109,Rédaction et gestion en assurances,gestionnaire de contrats d'assurance,,,,,,,,,,,,,,,,,,,,,,,,,,,,,,,,,,,,,,,
58,C1110,Souscription d'assurances,souscripteur / souscriptrice,,,,,,,,,,,,,,,,,,,,,,,,,,,,,,,,,,,,,,,
59,C1201,Accueil et services bancaires,guichetier / guichetière,chargé / chargée de clientèle banque,,,,,,,,,,,,,,,,,,,,,,,,,,,,,,,,,,,,,,
60,C1202,Analyse de crédits et risques bancaires,analyste de crédit,,,,,,,,,,,,,,,,,,,,,,,,,,,,,,,,,,,,,,,
61,C1203,Relation clients banque/finance,,,,,,,,,,,,,,,,,,,,,,,,,,,,,,,,,,,,,,,,
62,C1204,Conception et expertise produits bancaires et financiers,,,,,,,,,,,,,,,,,,,,,,,,,,,,,,,,,,,,,,,,
63,C1205,Conseil en gestion de patrimoine financier,gestionnaire de patrimoine,,,,,,,,,,,,,,,,,,,,,,,,,,,,,,,,,,,,,,,
64,C1206,Gestion de clientèle bancaire,,,,,,,,,,,,,,,,,,,,,,,,,,,,,,,,,,,,,,,,
65,C1207,Management en exploitation bancaire,directeur / directrice d'agence bancaire,,,,,,,,,,,,,,,,,,,,,,,,,,,,,,,,,,,,,,,
66,C1301,Front office marchés financiers,trader,,,,,,,,,,,,,,,,,,,,,,,,,,,,,,,,,,,,,,,
67,C1302,Gestion back et middle-office marchés financiers,responsable du back office,,,,,,,,,,,,,,,,,,,,,,,,,,,,,,,,,,,,,,,
68,C1303,Gestion de portefeuilles sur les marchés financiers,gérant / gérante de portefeuille,responsable des produits structurés actions,,,,,,,,,,,,,,,,,,,,,,,,,,,,,,,,,,,,,,
69,C1401,Gestion en banque et assurance,,,,,,,,,,,,,,,,,,,,,,,,,,,,,,,,,,,,,,,,
70,C1501,Gérance immobilière,administrateur / administratrice de biens,syndic de copropriété,expert immobilier / experte immobilier,,,,,,,,,,,,,,,,,,,,,,,,,,,,,,,,,,,,,
71,C1502,Gestion locative immobilière,,,,,,,,,,,,,,,,,,,,,,,,,,,,,,,,,,,,,,,,
72,C1503,Management de projet immobilier,,,,,,,,,,,,,,,,,,,,,,,,,,,,,,,,,,,,,,,,
73,C1504,Transaction immobilière,agent immobilier / agente immobilière,,,,,,,,,,,,,,,,,,,,,,,,,,,,,,,,,,,,,,,
74,D1101,Boucherie,boucher / bouchère,,,,,,,,,,,,,,,,,,,,,,,,,,,,,,,,,,,,,,,
75,D1102,Boulangerie - viennoiserie,boulanger / boulangère,pâtissier / pâtissière,,,,,,,,,,,,,,,,,,,,,,,,,,,,,,,,,,,,,,
76,D1103,Charcuterie - traiteur,charcutier-traiteur / charcutière-traiteuse,,,,,,,,,,,,,,,,,,,,,,,,,,,,,,,,,,,,,,,
77,D1104,"Pâtisserie, confiserie, chocolaterie et glacerie",,,,,,,,,,,,,,,,,,,,,,,,,,,,,,,,,,,,,,,,
78,D1105,Poissonnerie,poissonnier / poissonnière,,,,,,,,,,,,,,,,,,,,,,,,,,,,,,,,,,,,,,,
79,D1106,Vente en alimentation,vendeur / vendeuse en magasin,commerçant / commerçante en alimentation,,,,,,,,,,,,,,,,,,,,,,,,,,,,,,,,,,,,,,
80,D1107,Vente en gros de produits frais,,,,,,,,,,,,,,,,,,,,,,,,,,,,,,,,,,,,,,,,
81,D1201,"Achat vente d'objets d'art, anciens ou d'occasion",antiquaire,,,,,,,,,,,,,,,,,,,,,,,,,,,,,,,,,,,,,,,
82,D1202,Coiffure,coiffeur / coiffeuse,,,,,,,,,,,,,,,,,,,,,,,,,,,,,,,,,,,,,,,
83,D1203,Hydrothérapie,agent hydrothermal / agente hydrothermale,,,,,,,,,,,,,,,,,,,,,,,,,,,,,,,,,,,,,,,
84,D1204,Location de véhicules ou de matériel de loisirs,,,,,,,,,,,,,,,,,,,,,,,,,,,,,,,,,,,,,,,,
85,D1205,Nettoyage d'articles textiles ou cuirs,employé / employée de pressing,,,,,,,,,,,,,,,,,,,,,,,,,,,,,,,,,,,,,,,
86,D1206,Réparation d'articles en cuir et matériaux souples,cordonnier / cordonnière,,,,,,,,,,,,,,,,,,,,,,,,,,,,,,,,,,,,,,,
87,D1207,Retouches en habillement,,,,,,,,,,,,,,,,,,,,,,,,,,,,,,,,,,,,,,,,
88,D1208,Soins esthétiques et corporels,esthéticien-cosméticien / esthéticienne-cosméticienne,,,,,,,,,,,,,,,,,,,,,,,,,,,,,,,,,,,,,,,
89,D1209,Vente de végétaux,fleuriste,,,,,,,,,,,,,,,,,,,,,,,,,,,,,,,,,,,,,,,
90,D1210,Vente en animalerie,vendeur / vendeuse en animalerie,,,,,,,,,,,,,,,,,,,,,,,,,,,,,,,,,,,,,,,
91,D1211,Vente en articles de sport et loisirs,libraire,,,,,,,,,,,,,,,,,,,,,,,,,,,,,,,,,,,,,,,
92,D1212,Vente en décoration et équipement du foyer,vendeur / vendeuse en micro-informatique et multimédia,,,,,,,,,,,,,,,,,,,,,,,,,,,,,,,,,,,,,,,
93,D1213,Vente en gros de matériel et équipement,,,,,,,,,,,,,,,,,,,,,,,,,,,,,,,,,,,,,,,,
94,D1214,Vente en habillement et accessoires de la personne,,,,,,,,,,,,,,,,,,,,,,,,,,,,,,,,,,,,,,,,
95,D1301,Management de magasin de détail,,,,,,,,,,,,,,,,,,,,,,,,,,,,,,,,,,,,,,,,
96,D1401,Assistanat commercial,attaché commercial / attachée commerciale,assistant commercial / assistante commerciale,,,,,,,,,,,,,,,,,,,,,,,,,,,,,,,,,,,,,,
97,D1402,Relation commerciale grands comptes et entreprises,commercial / commerciale export,vendeur-conseil / vendeuse-conseil en matériel agricole,,,,,,,,,,,,,,,,,,,,,,,,,,,,,,,,,,,,,,
98,D1403,Relation commerciale auprès de particuliers,,,,,,,,,,,,,,,,,,,,,,,,,,,,,,,,,,,,,,,,
99,D1404,Relation commerciale en vente de véhicules,vendeur-magasinier / vendeuse-magasinière en fournitures automobiles,,,,,,,,,,,,,,,,,,,,,,,,,,,,,,,,,,,,,,,
100,D1405,Conseil en information médicale,visiteur médical / visiteuse médicale,,,,,,,,,,,,,,,,,,,,,,,,,,,,,,,,,,,,,,,
101,D1406,Management en force de vente,chef / cheffe des ventes,,,,,,,,,,,,,,,,,,,,,,,,,,,,,,,,,,,,,,,
102,D1407,Relation technico-commerciale,ingénieur technico-commercial / ingénieure technico-commerciale,technico-commercial / technico-commerciale en agroalimentaire,ingénieur technico-commercial / ingénieure technico-commerciale en informatique,,,,,,,,,,,,,,,,,,,,,,,,,,,,,,,,,,,,,
103,D1408,Téléconseil et télévente,télévendeur / télévendeuse,,,,,,,,,,,,,,,,,,,,,,,,,,,,,,,,,,,,,,,
104,D1501,Animation de vente,,,,,,,,,,,,,,,,,,,,,,,,,,,,,,,,,,,,,,,,
105,D1502,Management/gestion de rayon produits alimentaires,chef / cheffe de rayon,,,,,,,,,,,,,,,,,,,,,,,,,,,,,,,,,,,,,,,
106,D1503,Management/gestion de rayon produits non alimentaires,,,,,,,,,,,,,,,,,,,,,,,,,,,,,,,,,,,,,,,,
107,D1504,Direction de magasin de grande distribution,directeur / directrice de magasin à grande surface,,,,,,,,,,,,,,,,,,,,,,,,,,,,,,,,,,,,,,,
108,D1505,Personnel de caisse,caissier / caissière,,,,,,,,,,,,,,,,,,,,,,,,,,,,,,,,,,,,,,,
109,D1506,Marchandisage,marchandiseur / marchandiseuse,,,,,,,,,,,,,,,,,,,,,,,,,,,,,,,,,,,,,,,
110,D1507,Mise en rayon libre-service,,,,,,,,,,,,,,,,,,,,,,,,,,,,,,,,,,,,,,,,
111,D1508,Encadrement du personnel de caisses,,,,,,,,,,,,,,,,,,,,,,,,,,,,,,,,,,,,,,,,
112,D1509,Management de département en grande distribution,,,,,,,,,,,,,,,,,,,,,,,,,,,,,,,,,,,,,,,,
113,E1101,Animation de site multimédia,,,,,,,,,,,,,,,,,,,,,,,,,,,,,,,,,,,,,,,,
114,E1102,"Ecriture d'ouvrages, de livres",scénariste,écrivain / écrivaine,,,,,,,,,,,,,,,,,,,,,,,,,,,,,,,,,,,,,,
115,E1103,Communication,attaché / attachée de presse,chargé / chargée de communication interne,chargé / chargée des relations publiques,médiateur / médiatrice scientifique,,,,,,,,,,,,,,,,,,,,,,,,,,,,,,,,,,,,
116,E1104,Conception de contenus multimédias,concepteur-rédacteur / conceptrice-rédactrice,concepteur / conceptrice multimédia,webmestre,concepteur / conceptrice de jeux vidéo,chef de projet multimédia,concepteur / conceptrice de niveaux de jeu web,architecte web,,,,,,,,,,,,,,,,,,,,,,,,,,,,,,,,,
117,E1105,Coordination d'édition,éditeur / éditrice,secrétaire d'édition,,,,,,,,,,,,,,,,,,,,,,,,,,,,,,,,,,,,,,
118,E1106,Journalisme et information média,rédacteur / rédactrice en chef,journaliste,journaliste reporter / reportrice d'images,reporter-photographe / reportrice-photographe,secrétaire de rédaction,rédacteur / rédactrice on line,critique d'art,,,,,,,,,,,,,,,,,,,,,,,,,,,,,,,,,
119,E1107,Organisation d'évènementiel,chargé / chargée de projet événementiel,,,,,,,,,,,,,,,,,,,,,,,,,,,,,,,,,,,,,,,
120,E1108,"Traduction, interprétariat",traducteur-interprète / traductrice-interprète,traducteur / traductrice technique,,,,,,,,,,,,,,,,,,,,,,,,,,,,,,,,,,,,,,
121,E1201,Photographie,photographe,,,,,,,,,,,,,,,,,,,,,,,,,,,,,,,,,,,,,,,
122,E1202,Production en laboratoire cinématographique,,,,,,,,,,,,,,,,,,,,,,,,,,,,,,,,,,,,,,,,
123,E1203,Production en laboratoire photographique,,,,,,,,,,,,,,,,,,,,,,,,,,,,,,,,,,,,,,,,
124,E1204,Projection cinéma,projectionniste,,,,,,,,,,,,,,,,,,,,,,,,,,,,,,,,,,,,,,,
125,E1205,Réalisation de contenus multimédias,graphiste,animateur / animatrice 2D et 3D,dessinateur / dessinatrice de BD,illustrateur / illustratrice,intégrateur / intégratrice web,webdesigner,designer d'interaction,web-ergonome,,,,,,,,,,,,,,,,,,,,,,,,,,,,,,,,
126,E1301,Conduite de machines d'impression,conducteur / conductrice de machines à imprimer,sérigraphe,façonnier / façonnière des industries graphiques,,,,,,,,,,,,,,,,,,,,,,,,,,,,,,,,,,,,,
127,E1302,Conduite de machines de façonnage routage,,,,,,,,,,,,,,,,,,,,,,,,,,,,,,,,,,,,,,,,
128,E1303,Encadrement des industries graphiques,chef / cheffe de fabrication des industries graphiques,,,,,,,,,,,,,,,,,,,,,,,,,,,,,,,,,,,,,,,
129,E1304,Façonnage et routage,,,,,,,,,,,,,,,,,,,,,,,,,,,,,,,,,,,,,,,,
130,E1305,Préparation et correction en édition et presse,correcteur / correctrice,,,,,,,,,,,,,,,,,,,,,,,,,,,,,,,,,,,,,,,
131,E1306,Prépresse,opérateur / opératrice prépresse,maquettiste,,,,,,,,,,,,,,,,,,,,,,,,,,,,,,,,,,,,,,
132,E1307,Reprographie,,,,,,,,,,,,,,,,,,,,,,,,,,,,,,,,,,,,,,,,
133,E1308,Intervention technique en industrie graphique,,,,,,,,,,,,,,,,,,,,,,,,,,,,,,,,,,,,,,,,
134,E1401,Développement et promotion publicitaire,chef / cheffe de publicité,directeur / directrice de création,,,,,,,,,,,,,,,,,,,,,,,,,,,,,,,,,,,,,,
135,E1402,Élaboration de plan média,chargé / chargée d'études média,acheteur / acheteuse d'espaces publicitaires,traffic manager,,,,,,,,,,,,,,,,,,,,,,,,,,,,,,,,,,,,,
136,F1101,Architecture du BTP,architecte,programmiste,,,,,,,,,,,,,,,,,,,,,,,,,,,,,,,,,,,,,,
137,F1102,Conception - aménagement d'espaces intérieurs,architecte d'intérieur,,,,,,,,,,,,,,,,,,,,,,,,,,,,,,,,,,,,,,,
138,F1103,Contrôle et diagnostic technique du bâtiment,économe de flux,diagnostiqueur / diagnostiqueuse immobilier,,,,,,,,,,,,,,,,,,,,,,,,,,,,,,,,,,,,,,
139,F1104,Dessin BTP,,,,,,,,,,,,,,,,,,,,,,,,,,,,,,,,,,,,,,,,
140,F1105,Études géologiques,géologue,géophysicien / géophysicienne,géothermicien / géothermicienne,géotechnicien / géotechnicienne,géochimiste,géologue minier / minière,hydrogéologue,pédologue,ingénieur / ingénieure hydroécologue,ingénieur / ingénieure réservoir,géologue modélisateur / modélisatrice,ingénieur / ingénieure hydrogéomorphologue,hydrologue,volcanologue,glaciologue,,,,,,,,,,,,,,,,,,,,,,,,,
141,F1106,Ingénierie et études du BTP,ingénieur / ingénieure du BTP,domoticien / domoticienne,conseiller / conseillère espace info-énergie,ingénieur / ingénieure en génie climatique,ingénieur / ingénieure efficacité énergétique du bâtiment,ingénieur / ingénieure structures,chargé / chargée d'affaires en génie climatique,chargé / chargée de recherche en acoustique musicale,ingénieur en acoustique,ingénieur / ingénieure d'affaires en génie électrique,,,,,,,,,,,,,,,,,,,,,,,,,,,,,,
142,F1107,Mesures topographiques,géomètre-topographe,,,,,,,,,,,,,,,,,,,,,,,,,,,,,,,,,,,,,,,
143,F1108,Métré de la construction,économiste de la construction,,,,,,,,,,,,,,,,,,,,,,,,,,,,,,,,,,,,,,,
144,F1201,Conduite de travaux du BTP,conducteur / conductrice de travaux,,,,,,,,,,,,,,,,,,,,,,,,,,,,,,,,,,,,,,,
145,F1202,Direction de chantier du BTP,chef / cheffe de chantier en installations électriques,chef de chantier,,,,,,,,,,,,,,,,,,,,,,,,,,,,,,,,,,,,,,
146,F1203,Direction et ingénierie d'exploitation de gisements et de carrières,ingénieur / ingénieure gaz,ingénieur pétrolier / ingénieure pétrolière,ingénieur / ingénieure forage,,,,,,,,,,,,,,,,,,,,,,,,,,,,,,,,,,,,,
147,F1204,Sécurité et protection santé du BTP,,,,,,,,,,,,,,,,,,,,,,,,,,,,,,,,,,,,,,,,
148,F1301,Conduite de grue,grutier / grutière,,,,,,,,,,,,,,,,,,,,,,,,,,,,,,,,,,,,,,,
149,F1302,Conduite d'engins de terrassement et de carrière,conducteur / conductrice d'engins de travaux publics,,,,,,,,,,,,,,,,,,,,,,,,,,,,,,,,,,,,,,,
150,F1401,Extraction liquide et gazeuse,technicien / technicienne d'exploitation du réseau gaz,technicien pétrolier / technicienne pétrolière,,,,,,,,,,,,,,,,,,,,,,,,,,,,,,,,,,,,,,
151,F1402,Extraction solide,,,,,,,,,,,,,,,,,,,,,,,,,,,,,,,,,,,,,,,,
152,F1501,Montage de structures et de charpentes bois,charpentier / charpentière bois,,,,,,,,,,,,,,,,,,,,,,,,,,,,,,,,,,,,,,,
153,F1502,Montage de structures métalliques,,,,,,,,,,,,,,,,,,,,,,,,,,,,,,,,,,,,,,,,
154,F1503,Réalisation - installation d'ossatures bois,,,,,,,,,,,,,,,,,,,,,,,,,,,,,,,,,,,,,,,,
155,F1601,"Application et décoration en plâtre, stuc et staff",plâtrier / plâtrière,staffeur-ornemaniste / staffeuse-ornemaniste,,,,,,,,,,,,,,,,,,,,,,,,,,,,,,,,,,,,,,
156,F1602,Électricité bâtiment,électricien installateur / électricienne installatrice,,,,,,,,,,,,,,,,,,,,,,,,,,,,,,,,,,,,,,,
157,F1603,Installation d'équipements sanitaires et thermiques,plombier / plombière,technicien / technicienne d'intervention clientèle gaz,,,,,,,,,,,,,,,,,,,,,,,,,,,,,,,,,,,,,,
158,F1604,Montage d'agencements,,,,,,,,,,,,,,,,,,,,,,,,,,,,,,,,,,,,,,,,
159,F1605,Montage de réseaux électriques et télécoms,monteur / monteuse en réseaux de distribution électrique,technicien / technicienne en lignes haute tension,,,,,,,,,,,,,,,,,,,,,,,,,,,,,,,,,,,,,,
160,F1606,Peinture en bâtiment,peintre en bâtiment,,,,,,,,,,,,,,,,,,,,,,,,,,,,,,,,,,,,,,,
161,F1607,Pose de fermetures menuisées,serrurier-métallier / serrurière-métallière,techniverrier / techniverrière,,,,,,,,,,,,,,,,,,,,,,,,,,,,,,,,,,,,,,
162,F1608,Pose de revêtements rigides,carreleur / carreleuse-mosaïste,,,,,,,,,,,,,,,,,,,,,,,,,,,,,,,,,,,,,,,
163,F1609,Pose de revêtements souples,solier-moquettiste / solière-moquettiste,,,,,,,,,,,,,,,,,,,,,,,,,,,,,,,,,,,,,,,
164,F1610,Pose et restauration de couvertures,couvreur / couvreuse,,,,,,,,,,,,,,,,,,,,,,,,,,,,,,,,,,,,,,,
165,F1611,Réalisation et restauration de façades,façadier / façadière,,,,,,,,,,,,,,,,,,,,,,,,,,,,,,,,,,,,,,,
166,F1612,Taille et décoration de pierres,tailleur / tailleuse de pierre,,,,,,,,,,,,,,,,,,,,,,,,,,,,,,,,,,,,,,,
167,F1613,Travaux d'étanchéité et d'isolation,étanchéiste,,,,,,,,,,,,,,,,,,,,,,,,,,,,,,,,,,,,,,,
168,F1701,Construction en béton,coffreur-boiseur / coffreuse-boiseuse,,,,,,,,,,,,,,,,,,,,,,,,,,,,,,,,,,,,,,,
169,F1702,Construction de routes et voies,constructeur / constructrice de routes,,,,,,,,,,,,,,,,,,,,,,,,,,,,,,,,,,,,,,,
170,F1703,Maçonnerie,maçon / maçonne,,,,,,,,,,,,,,,,,,,,,,,,,,,,,,,,,,,,,,,
171,F1704,Préparation du gros oeuvre et des travaux publics,,,,,,,,,,,,,,,,,,,,,,,,,,,,,,,,,,,,,,,,
172,F1705,Pose de canalisations,canalisateur / canalisatrice,,,,,,,,,,,,,,,,,,,,,,,,,,,,,,,,,,,,,,,
173,F1706,Préfabrication en béton industriel,,,,,,,,,,,,,,,,,,,,,,,,,,,,,,,,,,,,,,,,
174,G1101,Accueil touristique,hôte / hôtesse d'accueil,,,,,,,,,,,,,,,,,,,,,,,,,,,,,,,,,,,,,,,
175,G1102,Promotion du tourisme local,directeur / directrice d'office de tourisme,animateur / animatrice du patrimoine,conseiller / conseillère en séjour,agent / agente de développement touristique,,,,,,,,,,,,,,,,,,,,,,,,,,,,,,,,,,,,
176,G1201,"Accompagnement de voyages, d'activités culturelles ou sportives",accompagnateur / accompagnatrice de voyages,guide de haute montagne,accompagnateur / accompagnatrice en moyenne montagne,accompagnateur / accompagnatrice de tourisme équestre,,,,,,,,,,,,,,,,,,,,,,,,,,,,,,,,,,,,
177,G1202,Animation d'activités culturelles ou ludiques,animateur socioculturel / animatrice socioculturelle,animateur nature / animatrice nature,,,,,,,,,,,,,,,,,,,,,,,,,,,,,,,,,,,,,,
178,G1203,Animation de loisirs auprès d'enfants ou d'adolescents,directeur / directrice d'accueil collectif de mineurs (ACM),,,,,,,,,,,,,,,,,,,,,,,,,,,,,,,,,,,,,,,
179,G1204,Éducation en activités sportives,professeur / professeure d'éducation physique et sportive (EPS),éducateur sportif / éducatrice sportive,moniteur / monitrice de ski,éducateur sportif / éducatrice sportive des activités aquatiques et de la natation,conseiller sportif / conseillère sportive en salle de remise en forme,entraîneur sportif / entraîneuse sportive,animateur / animatrice d'activités physiques et sportives pour tous,,,,,,,,,,,,,,,,,,,,,,,,,,,,,,,,,
180,G1205,Personnel d'attractions ou de structures de loisirs,,,,,,,,,,,,,,,,,,,,,,,,,,,,,,,,,,,,,,,,
181,G1206,Personnel technique des jeux,,,,,,,,,,,,,,,,,,,,,,,,,,,,,,,,,,,,,,,,
182,G1301,Conception de produits touristiques,chef de produit touristique,,,,,,,,,,,,,,,,,,,,,,,,,,,,,,,,,,,,,,,
183,G1302,Optimisation de produits touristiques,yield manager,,,,,,,,,,,,,,,,,,,,,,,,,,,,,,,,,,,,,,,
184,G1303,Vente de voyages,conseiller / conseillère en voyages,,,,,,,,,,,,,,,,,,,,,,,,,,,,,,,,,,,,,,,
185,G1401,Assistance de direction d'hôtel-restaurant,,,,,,,,,,,,,,,,,,,,,,,,,,,,,,,,,,,,,,,,
186,G1402,Management d'hôtel-restaurant,directeur / directrice d'hôtel,directeur / directrice de restaurant,,,,,,,,,,,,,,,,,,,,,,,,,,,,,,,,,,,,,,
187,G1403,Gestion de structure de loisirs ou d'hébergement touristique,"lad-jockey, lad-driver",moniteur / monitrice d'activités équestres,directeur / directrice de golf,,,,,,,,,,,,,,,,,,,,,,,,,,,,,,,,,,,,,
188,G1404,Management d'établissement de restauration collective,gérant / gérante de restauration collective,,,,,,,,,,,,,,,,,,,,,,,,,,,,,,,,,,,,,,,
189,G1501,Personnel d'étage,valet / femme de chambre,,,,,,,,,,,,,,,,,,,,,,,,,,,,,,,,,,,,,,,
190,G1502,Personnel polyvalent d'hôtellerie,,,,,,,,,,,,,,,,,,,,,,,,,,,,,,,,,,,,,,,,
191,G1503,Management du personnel d'étage,gouvernant / gouvernante,,,,,,,,,,,,,,,,,,,,,,,,,,,,,,,,,,,,,,,
192,G1601,Management du personnel de cuisine,,,,,,,,,,,,,,,,,,,,,,,,,,,,,,,,,,,,,,,,
193,G1602,Personnel de cuisine,cuisinier / cuisinière,,,,,,,,,,,,,,,,,,,,,,,,,,,,,,,,,,,,,,,
194,G1603,Personnel polyvalent en restauration,,,,,,,,,,,,,,,,,,,,,,,,,,,,,,,,,,,,,,,,
195,G1604,Fabrication de crêpes ou pizzas,,,,,,,,,,,,,,,,,,,,,,,,,,,,,,,,,,,,,,,,
196,G1605,Plonge en restauration,,,,,,,,,,,,,,,,,,,,,,,,,,,,,,,,,,,,,,,,
197,G1701,Conciergerie en hôtellerie,,,,,,,,,,,,,,,,,,,,,,,,,,,,,,,,,,,,,,,,
198,G1702,Personnel du hall,,,,,,,,,,,,,,,,,,,,,,,,,,,,,,,,,,,,,,,,
199,G1703,Réception en hôtellerie,réceptionniste,,,,,,,,,,,,,,,,,,,,,,,,,,,,,,,,,,,,,,,
200,G1801,"Café, bar brasserie",garçon de café,barman / barmaid,,,,,,,,,,,,,,,,,,,,,,,,,,,,,,,,,,,,,,
201,G1802,Management du service en restauration,maître / maîtresse d'hôtel,,,,,,,,,,,,,,,,,,,,,,,,,,,,,,,,,,,,,,,
202,G1803,Service en restauration,employé / employée de restaurant,,,,,,,,,,,,,,,,,,,,,,,,,,,,,,,,,,,,,,,
203,G1804,Sommellerie,sommelier / sommelière,,,,,,,,,,,,,,,,,,,,,,,,,,,,,,,,,,,,,,,
204,H1101,Assistance et support technique client,ingénieur / ingénieure support,,,,,,,,,,,,,,,,,,,,,,,,,,,,,,,,,,,,,,,
205,H1102,Management et ingénierie d'affaires,ingénieur technico-commercial / ingénieure technico-commerciale en électronique,chargé / chargée d'affaires en génie mécanique,ingénieur technico-commercial / ingénieure technico-commerciale en chimie,,,,,,,,,,,,,,,,,,,,,,,,,,,,,,,,,,,,,
206,H1201,Expertise technique couleur en industrie,,,,,,,,,,,,,,,,,,,,,,,,,,,,,,,,,,,,,,,,
207,H1202,Conception et dessin de produits électriques et électroniques,,,,,,,,,,,,,,,,,,,,,,,,,,,,,,,,,,,,,,,,
208,H1203,Conception et dessin produits mécaniques,architecte naval / navale,dessinateur / dessinatrice en construction mécanique,dessinateur-projeteur / dessinatrice-projeteuse,,,,,,,,,,,,,,,,,,,,,,,,,,,,,,,,,,,,,
209,H1204,Design industriel,designer industriel / designeuse industrielle,directeur / directrice artistique,,,,,,,,,,,,,,,,,,,,,,,,,,,,,,,,,,,,,,
210,H1205,Études - modèles en industrie des matériaux souples,modéliste,,,,,,,,,,,,,,,,,,,,,,,,,,,,,,,,,,,,,,,
211,H1206,"Management et ingénierie études, recherche et développement industriel",ingénieur / ingénieure plasturgiste,ingénieur / ingénieure chimiste,ingénieur papetier / ingénieure papetière,ingénieur électronicien / ingénieure électronicienne,ingénieur / ingénieure en construction navale,ingénieur / ingénieure électricien / électricienne,attaché / attachée de recherche clinique (ARC),bio-informaticien / bio-informaticienne,ingénieur / ingénieure en métrologie,ingénieur / ingénieure calcul,optronicien / optronicienne,aérodynamicien / aérodynamicienne en aéronautique,ingénieur / ingénieure en automatismes,chef de projet éolien,ingénieur / ingénieure R&D en énergies renouvelables,ingénieur / ingénieure textile,ingénieur / ingénieure brevets,ingénieur / ingénieure en construction automobile,ingénieur analogicien / ingénieure analogicienne,ingénieur / ingénieure en électronique numérique,ingénieur / ingénieure procédés en chimie,mécatronicien / mécatronicienne,ingénieur / ingénieure chimiste en développement analytique,ingénieur concepteur / ingénieure conceptrice en mécanique,rudologue,ingénieur / ingénieure métallurgiste,responsable de plate-forme biotechnologique,consultant / consultante en validation,coordonnateur / coordonnatrice d'études cliniques,architecte produit industriel,ingénieur biomédical / ingénieure biomédicale,ingénieur / ingénieure d'application,ingénieur / ingénieure combustion et brûleurs,chargé / chargée de valorisation de la recherche,ingénieur / ingénieure en caractérisation des matériaux,ingénieur / ingénieure en imagerie médicale,ingénieur / ingénieure frigoriste,ingénieur / ingénieure intégration satellite,ingénieur / ingénieure matériaux,responsable de fabrication en chimie
212,H1207,Rédaction technique,rédacteur médical / rédactrice médicale,,,,,,,,,,,,,,,,,,,,,,,,,,,,,,,,,,,,,,,
213,H1208,Intervention technique en études et conception en automatisme,informaticien industriel / informaticienne industrielle,roboticien / roboticienne,,,,,,,,,,,,,,,,,,,,,,,,,,,,,,,,,,,,,,
214,H1209,Intervention technique en études et développement électronique,,,,,,,,,,,,,,,,,,,,,,,,,,,,,,,,,,,,,,,,
215,H1210,"Intervention technique en études, recherche et développement",technicien / technicienne biologiste,technicien / technicienne chimiste,ingénieur / ingénieure recherche et développement en agroalimentaire,technicien / technicienne d'essais,technicien / technicienne de police technique et scientifique,,,,,,,,,,,,,,,,,,,,,,,,,,,,,,,,,,,
216,H1301,Inspection de conformité,,,,,,,,,,,,,,,,,,,,,,,,,,,,,,,,,,,,,,,,
217,H1302,Management et ingénierie Hygiène Sécurité Environnement -HSE- industriels,chargé / chargée hygiène sécurité environnement (HSE),conseiller / conseillère en environnement,ingénieur / ingénieure environnement,ingénieur / ingénieure nucléaire,ingénieur / ingénieure environnement et risques industriels,ingénieur / ingénieure radioprotection,chargé / chargée de recherche et développement déchets,ingénieur / ingénieure d'études en sûreté nucléaire,,,,,,,,,,,,,,,,,,,,,,,,,,,,,,,,
218,H1303,Intervention technique en Hygiène Sécurité Environnement -HSE- industriel,,,,,,,,,,,,,,,,,,,,,,,,,,,,,,,,,,,,,,,,
219,H1401,Management et ingénierie gestion industrielle et logistique,responsable d'ordonnancement,responsable du soutien logistique intégré,,,,,,,,,,,,,,,,,,,,,,,,,,,,,,,,,,,,,,
220,H1402,Management et ingénierie méthodes et industrialisation,ingénieur / ingénieure essais,ingénieur / ingénieure méthodes mécaniques,ingénieur / ingénieure process aval,,,,,,,,,,,,,,,,,,,,,,,,,,,,,,,,,,,,,
221,H1403,Intervention technique en gestion industrielle et logistique,,,,,,,,,,,,,,,,,,,,,,,,,,,,,,,,,,,,,,,,
222,H1404,Intervention technique en méthodes et industrialisation,,,,,,,,,,,,,,,,,,,,,,,,,,,,,,,,,,,,,,,,
223,H1501,Direction de laboratoire d'analyse industrielle,ingénieur / ingénieure analyste de l'air,"ingénieur / ingénieure fluides, énergies, réseaux, environnement",responsable de laboratoire de recherche,,,,,,,,,,,,,,,,,,,,,,,,,,,,,,,,,,,,,
224,H1502,Management et ingénierie qualité industrielle,pharmacien / pharmacienne dans l'industrie,qualiticien / qualiticienne,responsable assurance qualité,chargé / chargée de pharmacovigilance,spécialiste des affaires réglementaires en chimie,responsable de laboratoire de contrôle en chimie,ingénieur / ingénieure qualité moteur,,,,,,,,,,,,,,,,,,,,,,,,,,,,,,,,,
225,H1503,Intervention technique en laboratoire d'analyse industrielle,,,,,,,,,,,,,,,,,,,,,,,,,,,,,,,,,,,,,,,,
226,H1504,Intervention technique en contrôle essai qualité en électricité et électronique,,,,,,,,,,,,,,,,,,,,,,,,,,,,,,,,,,,,,,,,
227,H1505,Intervention technique en formulation et analyse sensorielle,parfumeur / parfumeuse,ingénieur aromaticien / ingénieure aromaticienne,formulateur / formulatrice,,,,,,,,,,,,,,,,,,,,,,,,,,,,,,,,,,,,,
228,H1506,Intervention technique qualité en mécanique et travail des métaux,technicien / technicienne en métrologie,,,,,,,,,,,,,,,,,,,,,,,,,,,,,,,,,,,,,,,
229,H2101,Abattage et découpe des viandes,,,,,,,,,,,,,,,,,,,,,,,,,,,,,,,,,,,,,,,,
230,H2102,Conduite d'équipement de production alimentaire,conducteur / conductrice de ligne de production alimentaire,opérateur / opératrice de fabrication de produits alimentaires,responsable de production alimentaire,,,,,,,,,,,,,,,,,,,,,,,,,,,,,,,,,,,,,
231,H2201,Assemblage d'ouvrages en bois,,,,,,,,,,,,,,,,,,,,,,,,,,,,,,,,,,,,,,,,
232,H2202,Conduite d'équipement de fabrication de l'ameublement et du bois,technicien / technicienne de fabrication de mobilier et de menuiserie,,,,,,,,,,,,,,,,,,,,,,,,,,,,,,,,,,,,,,,
233,H2203,Conduite d'installation de production de panneaux bois,,,,,,,,,,,,,,,,,,,,,,,,,,,,,,,,,,,,,,,,
234,H2204,Encadrement des industries de l'ameublement et du bois,responsable de scierie,,,,,,,,,,,,,,,,,,,,,,,,,,,,,,,,,,,,,,,
235,H2205,Première transformation de bois d'oeuvre,conducteur opérateur / conductrice opératrice de scierie,,,,,,,,,,,,,,,,,,,,,,,,,,,,,,,,,,,,,,,
236,H2206,Réalisation de menuiserie bois et tonnellerie,agenceur / agenceuse de cuisines et salles de bains,menuisier / menuisière,tonnelier / tonnelière,,,,,,,,,,,,,,,,,,,,,,,,,,,,,,,,,,,,,
237,H2207,Réalisation de meubles en bois,ébéniste,,,,,,,,,,,,,,,,,,,,,,,,,,,,,,,,,,,,,,,
238,H2208,Réalisation d'ouvrages décoratifs en bois,encadreur / encadreuse,,,,,,,,,,,,,,,,,,,,,,,,,,,,,,,,,,,,,,,
239,H2209,Intervention technique en ameublement et bois,,,,,,,,,,,,,,,,,,,,,,,,,,,,,,,,,,,,,,,,
240,H2301,Conduite d'équipement de production chimique ou pharmaceutique,pilote de ligne automatisée (chimie - agroalimentaire - industrie pharmaceutique),,,,,,,,,,,,,,,,,,,,,,,,,,,,,,,,,,,,,,,
241,H2401,"Assemblage - montage d'articles en cuirs, peaux",,,,,,,,,,,,,,,,,,,,,,,,,,,,,,,,,,,,,,,,
242,H2402,Assemblage - montage de vêtements et produits textiles,,,,,,,,,,,,,,,,,,,,,,,,,,,,,,,,,,,,,,,,
243,H2403,Conduite de machine de fabrication de produits textiles,,,,,,,,,,,,,,,,,,,,,,,,,,,,,,,,,,,,,,,,
244,H2404,Conduite de machine de production et transformation des fils,,,,,,,,,,,,,,,,,,,,,,,,,,,,,,,,,,,,,,,,
245,H2405,Conduite de machine de textiles nontissés,,,,,,,,,,,,,,,,,,,,,,,,,,,,,,,,,,,,,,,,
246,H2406,Conduite de machine de traitement textile,teinturier / teinturière blanchisseur / blanchisseuse,,,,,,,,,,,,,,,,,,,,,,,,,,,,,,,,,,,,,,,
247,H2407,Conduite de machine de transformation et de finition des cuirs et peaux,,,,,,,,,,,,,,,,,,,,,,,,,,,,,,,,,,,,,,,,
248,H2408,Conduite de machine d'impression textile,,,,,,,,,,,,,,,,,,,,,,,,,,,,,,,,,,,,,,,,
249,H2409,"Coupe cuir, textile et matériaux souples",,,,,,,,,,,,,,,,,,,,,,,,,,,,,,,,,,,,,,,,
250,H2410,"Mise en forme, repassage et finitions en industrie textile",,,,,,,,,,,,,,,,,,,,,,,,,,,,,,,,,,,,,,,,
251,H2411,Montage de prototype cuir et matériaux souples,prototypiste en matériaux souples,,,,,,,,,,,,,,,,,,,,,,,,,,,,,,,,,,,,,,,
252,H2412,Patronnage - gradation,,,,,,,,,,,,,,,,,,,,,,,,,,,,,,,,,,,,,,,,
253,H2413,"Préparation de fils, montage de métiers textiles",,,,,,,,,,,,,,,,,,,,,,,,,,,,,,,,,,,,,,,,
254,H2414,Préparation et finition d'articles en cuir et matériaux souples,,,,,,,,,,,,,,,,,,,,,,,,,,,,,,,,,,,,,,,,
255,H2415,Contrôle en industrie du cuir et du textile,,,,,,,,,,,,,,,,,,,,,,,,,,,,,,,,,,,,,,,,
256,H2501,Encadrement de production de matériel électrique et électronique,,,,,,,,,,,,,,,,,,,,,,,,,,,,,,,,,,,,,,,,
257,H2502,Management et ingénierie de production,responsable qualité en agroalimentaire,ingénieur / ingénieure en mécanique,ingénieur / ingénieure en aéronautique,ingénieur / ingénieure en énergie solaire,ingénieur / ingénieure production en mécanique,ingénieur / ingénieure production dans les biotechnologies,responsable de fabrication en agroalimentaire,responsable des ouvrages hydroélectriques,ingénieur / ingénieure production en aéronautique,ingénieur / ingénieure en fonderie,,,,,,,,,,,,,,,,,,,,,,,,,,,,,,
258,H2503,Pilotage d'unité élémentaire de production mécanique ou de travail des métaux,,,,,,,,,,,,,,,,,,,,,,,,,,,,,,,,,,,,,,,,
259,H2504,Encadrement d'équipe en industrie de transformation,,,,,,,,,,,,,,,,,,,,,,,,,,,,,,,,,,,,,,,,
260,H2505,Encadrement d'équipe ou d'atelier en matériaux souples,,,,,,,,,,,,,,,,,,,,,,,,,,,,,,,,,,,,,,,,
261,H2601,Bobinage électrique,,,,,,,,,,,,,,,,,,,,,,,,,,,,,,,,,,,,,,,,
262,H2602,Câblage électrique et électromécanique,électromécanicien / électromécanicienne,monteur-câbleur / monteuse-câbleuse,,,,,,,,,,,,,,,,,,,,,,,,,,,,,,,,,,,,,,
263,H2603,"Conduite d'installation automatisée de production électrique, électronique et microélectronique",,,,,,,,,,,,,,,,,,,,,,,,,,,,,,,,,,,,,,,,
264,H2604,Montage de produits électriques et électroniques,,,,,,,,,,,,,,,,,,,,,,,,,,,,,,,,,,,,,,,,
265,H2605,Montage et câblage électronique,,,,,,,,,,,,,,,,,,,,,,,,,,,,,,,,,,,,,,,,
266,H2701,Pilotage d'installation énergétique et pétrochimique,opérateur / opératrice de raffinerie,,,,,,,,,,,,,,,,,,,,,,,,,,,,,,,,,,,,,,,
267,H2801,Conduite d'équipement de transformation du verre,technicien / technicienne des industries du verre,,,,,,,,,,,,,,,,,,,,,,,,,,,,,,,,,,,,,,,
268,H2802,Conduite d'installation de production de matériaux de construction,,,,,,,,,,,,,,,,,,,,,,,,,,,,,,,,,,,,,,,,
269,H2803,Façonnage et émaillage en industrie céramique,,,,,,,,,,,,,,,,,,,,,,,,,,,,,,,,,,,,,,,,
270,H2804,"Pilotage de centrale à béton prêt à l'emploi, ciment, enrobés et granulats",,,,,,,,,,,,,,,,,,,,,,,,,,,,,,,,,,,,,,,,
271,H2805,Pilotage d'installation de production verrière,,,,,,,,,,,,,,,,,,,,,,,,,,,,,,,,,,,,,,,,
272,H2901,Ajustement et montage de fabrication,mécanicien-outilleur / mécanicienne-outilleuse,ajusteur-monteur / ajusteuse-monteuse,régleur / régleuse,,,,,,,,,,,,,,,,,,,,,,,,,,,,,,,,,,,,,
273,H2902,Chaudronnerie - tôlerie,,,,,,,,,,,,,,,,,,,,,,,,,,,,,,,,,,,,,,,,
274,H2903,Conduite d'équipement d'usinage,affûteur / affûteuse,opérateur / opératrice sur machine à commande numérique,décolleteur / décolleteuse,,,,,,,,,,,,,,,,,,,,,,,,,,,,,,,,,,,,,
275,H2904,Conduite d'équipement de déformation des métaux,technicien / technicienne de forge,,,,,,,,,,,,,,,,,,,,,,,,,,,,,,,,,,,,,,,
276,H2905,Conduite d'équipement de formage et découpage des matériaux,,,,,,,,,,,,,,,,,,,,,,,,,,,,,,,,,,,,,,,,
277,H2906,Conduite d'installation automatisée ou robotisée de fabrication mécanique,,,,,,,,,,,,,,,,,,,,,,,,,,,,,,,,,,,,,,,,
278,H2907,Conduite d'installation de production des métaux,,,,,,,,,,,,,,,,,,,,,,,,,,,,,,,,,,,,,,,,
279,H2908,Modelage de matériaux non métalliques,,,,,,,,,,,,,,,,,,,,,,,,,,,,,,,,,,,,,,,,
280,H2909,Montage-assemblage mécanique,chaudronnier / chaudronnière,,,,,,,,,,,,,,,,,,,,,,,,,,,,,,,,,,,,,,,
281,H2910,Moulage sable,mouleur-noyauteur / mouleuse-noyauteuse,,,,,,,,,,,,,,,,,,,,,,,,,,,,,,,,,,,,,,,
282,H2911,Réalisation de structures métalliques,charpentier / charpentière métallique,,,,,,,,,,,,,,,,,,,,,,,,,,,,,,,,,,,,,,,
283,H2912,Réglage d'équipement de production industrielle,,,,,,,,,,,,,,,,,,,,,,,,,,,,,,,,,,,,,,,,
284,H2913,Soudage manuel,soudeur / soudeuse,,,,,,,,,,,,,,,,,,,,,,,,,,,,,,,,,,,,,,,
285,H2914,Réalisation et montage en tuyauterie,,,,,,,,,,,,,,,,,,,,,,,,,,,,,,,,,,,,,,,,
286,H3101,Conduite d'équipement de fabrication de papier ou de carton,conducteur/ conductrice de machines à papier,,,,,,,,,,,,,,,,,,,,,,,,,,,,,,,,,,,,,,,
287,H3102,Conduite d'installation de pâte à papier,,,,,,,,,,,,,,,,,,,,,,,,,,,,,,,,,,,,,,,,
288,H3201,Conduite d'équipement de formage des plastiques et caoutchoucs,,,,,,,,,,,,,,,,,,,,,,,,,,,,,,,,,,,,,,,,
289,H3202,Réglage d'équipement de formage des plastiques et caoutchoucs,technicien / technicienne plasturgiste,,,,,,,,,,,,,,,,,,,,,,,,,,,,,,,,,,,,,,,
290,H3203,Fabrication de pièces en matériaux composites,,,,,,,,,,,,,,,,,,,,,,,,,,,,,,,,,,,,,,,,
291,H3301,Conduite d'équipement de conditionnement,,,,,,,,,,,,,,,,,,,,,,,,,,,,,,,,,,,,,,,,
292,H3302,"Opérations manuelles d'assemblage, tri ou emballage",,,,,,,,,,,,,,,,,,,,,,,,,,,,,,,,,,,,,,,,
293,H3303,"Préparation de matières et produits industriels (broyage, mélange, ...)",,,,,,,,,,,,,,,,,,,,,,,,,,,,,,,,,,,,,,,,
294,H3401,Conduite de traitement d'abrasion de surface,,,,,,,,,,,,,,,,,,,,,,,,,,,,,,,,,,,,,,,,
295,H3402,Conduite de traitement par dépôt de surface,opérateur et technicien / opératrice et technicienne en traitement des matériaux,,,,,,,,,,,,,,,,,,,,,,,,,,,,,,,,,,,,,,,
296,H3403,Conduite de traitement thermique,,,,,,,,,,,,,,,,,,,,,,,,,,,,,,,,,,,,,,,,
297,H3404,Peinture industrielle,,,,,,,,,,,,,,,,,,,,,,,,,,,,,,,,,,,,,,,,
298,I1101,Direction et ingénierie en entretien infrastructure et bâti,,,,,,,,,,,,,,,,,,,,,,,,,,,,,,,,,,,,,,,,
299,I1102,Management et ingénierie de maintenance industrielle,ingénieur électronicien / ingénieure électronicienne des systèmes de la sécurité aérienne (IESSA),ingénieur / ingénieure maintenance aéronautique,ingénieur / ingénieure de maintenance industrielle,,,,,,,,,,,,,,,,,,,,,,,,,,,,,,,,,,,,,
300,I1103,Supervision d'entretien et gestion de véhicules,,,,,,,,,,,,,,,,,,,,,,,,,,,,,,,,,,,,,,,,
301,I1201,Entretien d'affichage et mobilier urbain,,,,,,,,,,,,,,,,,,,,,,,,,,,,,,,,,,,,,,,,
302,I1202,Entretien et surveillance du tracé routier,,,,,,,,,,,,,,,,,,,,,,,,,,,,,,,,,,,,,,,,
303,I1203,Maintenance des bâtiments et des locaux,,,,,,,,,,,,,,,,,,,,,,,,,,,,,,,,,,,,,,,,
304,I1301,Installation et maintenance d'ascenseurs,ascensoriste,,,,,,,,,,,,,,,,,,,,,,,,,,,,,,,,,,,,,,,
305,I1302,Installation et maintenance d'automatismes,technicien / technicienne en automatismes,hydraulicien / hydraulicienne,,,,,,,,,,,,,,,,,,,,,,,,,,,,,,,,,,,,,,
306,I1303,Installation et maintenance de distributeurs automatiques,,,,,,,,,,,,,,,,,,,,,,,,,,,,,,,,,,,,,,,,
307,I1304,Installation et maintenance d'équipements industriels et d'exploitation,technicien / technicienne de maintenance industrielle,nivoculteur / nivocultrice,,,,,,,,,,,,,,,,,,,,,,,,,,,,,,,,,,,,,,
308,I1305,Installation et maintenance électronique,microtechnicien / microtechnicienne,technicien électrotechnicien / technicienne électrotechnicienne,électronicien / électronicienne automobile,technicien électronicien / technicienne électronicienne,ingénieur / ingénieure systèmes embarqués,,,,,,,,,,,,,,,,,,,,,,,,,,,,,,,,,,,
309,I1306,"Installation et maintenance en froid, conditionnement d'air",monteur / monteuse en installations thermiques et climatiques,technicien / technicienne de maintenance en génie climatique,,,,,,,,,,,,,,,,,,,,,,,,,,,,,,,,,,,,,,
310,I1307,Installation et maintenance télécoms et courants faibles,technicien / technicienne télécoms et réseaux,installateur / installatrice en télécoms,,,,,,,,,,,,,,,,,,,,,,,,,,,,,,,,,,,,,,
311,I1308,Maintenance d'installation de chauffage,technicien thermicien / technicienne thermicienne,,,,,,,,,,,,,,,,,,,,,,,,,,,,,,,,,,,,,,,
312,I1309,Maintenance électrique,,,,,,,,,,,,,,,,,,,,,,,,,,,,,,,,,,,,,,,,
313,I1310,Maintenance mécanique industrielle,,,,,,,,,,,,,,,,,,,,,,,,,,,,,,,,,,,,,,,,
314,I1401,Maintenance informatique et bureautique,technicien / technicienne de maintenance en informatique,hot liner,,,,,,,,,,,,,,,,,,,,,,,,,,,,,,,,,,,,,,
315,I1402,Réparation de biens électrodomestiques,responsable du service après-vente,dépanneur / dépanneuse en électroménager,,,,,,,,,,,,,,,,,,,,,,,,,,,,,,,,,,,,,,
316,I1501,Intervention en grande hauteur,cordiste,,,,,,,,,,,,,,,,,,,,,,,,,,,,,,,,,,,,,,,
317,I1502,Intervention en milieu subaquatique,,,,,,,,,,,,,,,,,,,,,,,,,,,,,,,,,,,,,,,,
318,I1503,Intervention en milieux et produits nocifs,technicien / technicienne nucléaire,chef de projet démantèlement nucléaire,chef de projet sites et sols pollués,,,,,,,,,,,,,,,,,,,,,,,,,,,,,,,,,,,,,
319,I1601,Installation et maintenance en nautisme,,,,,,,,,,,,,,,,,,,,,,,,,,,,,,,,,,,,,,,,
320,I1602,Maintenance d'aéronefs,mécanicien / mécanicienne d'entretien d'avion,,,,,,,,,,,,,,,,,,,,,,,,,,,,,,,,,,,,,,,
321,I1603,"Maintenance d'engins de chantier, levage, manutention et de machines agricoles",mécanicien-réparateur / mécanicienne-réparatrice en matériel agricole,technicien / technicienne en engins de travaux publics,,,,,,,,,,,,,,,,,,,,,,,,,,,,,,,,,,,,,,
322,I1604,Mécanique automobile et entretien de véhicules,technicien / technicienne automobile,expert / experte automobile,contrôleur / contrôleuse technique automobile,,,,,,,,,,,,,,,,,,,,,,,,,,,,,,,,,,,,,
323,I1605,Mécanique de marine,mécanicien / mécanicienne bateaux,,,,,,,,,,,,,,,,,,,,,,,,,,,,,,,,,,,,,,,
324,I1606,Réparation de carrosserie,carrossier / carrossière,,,,,,,,,,,,,,,,,,,,,,,,,,,,,,,,,,,,,,,
325,I1607,"Réparation de cycles, motocycles et motoculteurs de loisirs",mécanicien / mécanicienne et technicien / technicienne moto,,,,,,,,,,,,,,,,,,,,,,,,,,,,,,,,,,,,,,,
326,J1101,Médecine de prévention,,,,,,,,,,,,,,,,,,,,,,,,,,,,,,,,,,,,,,,,
327,J1102,Médecine généraliste et spécialisée,médecin généraliste,médecin spécialiste,médecin humanitaire,anesthésiste-réanimateur / anesthésiste-réanimatrice,chirurgien / chirurgienne,pédiatre,,,,,,,,,,,,,,,,,,,,,,,,,,,,,,,,,,
328,J1103,Médecine dentaire,chirurgien-dentiste / chirurgienne-dentiste,,,,,,,,,,,,,,,,,,,,,,,,,,,,,,,,,,,,,,,
329,J1104,Suivi de la grossesse et de l'accouchement,sage-femme / maïeuticien,,,,,,,,,,,,,,,,,,,,,,,,,,,,,,,,,,,,,,,
330,J1201,Biologie médicale,responsable de laboratoire de contrôle en biologie,chercheur / chercheuse en biologie du sport,neurobiologiste,responsable biométrie,anatomiste,biologiste médical / médicale,,,,,,,,,,,,,,,,,,,,,,,,,,,,,,,,,,
331,J1202,Pharmacie,pharmacien / pharmacienne,,,,,,,,,,,,,,,,,,,,,,,,,,,,,,,,,,,,,,,
332,J1301,Personnel polyvalent des services hospitaliers,,,,,,,,,,,,,,,,,,,,,,,,,,,,,,,,,,,,,,,,
333,J1302,Analyses médicales,préparateur / préparatrice en pharmacie,technicien / technicienne d'analyses biomédicales,,,,,,,,,,,,,,,,,,,,,,,,,,,,,,,,,,,,,,
334,J1303,Assistance médico-technique,assistant / assistante dentaire,technicien réalisateur / technicienne réalisatrice radio,,,,,,,,,,,,,,,,,,,,,,,,,,,,,,,,,,,,,,
335,J1304,Aide en puériculture,auxiliaire de puériculture,,,,,,,,,,,,,,,,,,,,,,,,,,,,,,,,,,,,,,,
336,J1305,Conduite de véhicules sanitaires,ambulancier / ambulancière,,,,,,,,,,,,,,,,,,,,,,,,,,,,,,,,,,,,,,,
337,J1306,Imagerie médicale,manipulateur / manipulatrice en électroradiologie médicale,,,,,,,,,,,,,,,,,,,,,,,,,,,,,,,,,,,,,,,
338,J1307,Préparation en pharmacie,,,,,,,,,,,,,,,,,,,,,,,,,,,,,,,,,,,,,,,,
339,J1401,Audioprothèses,audioprothésiste,,,,,,,,,,,,,,,,,,,,,,,,,,,,,,,,,,,,,,,
340,J1402,Diététique,diététicien / diététicienne,,,,,,,,,,,,,,,,,,,,,,,,,,,,,,,,,,,,,,,
341,J1403,Ergothérapie,ergothérapeute,,,,,,,,,,,,,,,,,,,,,,,,,,,,,,,,,,,,,,,
342,J1404,Kinésithérapie,masseur / masseuse-kinésithérapeute,,,,,,,,,,,,,,,,,,,,,,,,,,,,,,,,,,,,,,,
343,J1405,Optique - lunetterie,opticien-lunetier / opticienne-lunetière,ingénieur opticien / ingénieure opticienne,,,,,,,,,,,,,,,,,,,,,,,,,,,,,,,,,,,,,,
344,J1406,Orthophonie,orthophoniste,,,,,,,,,,,,,,,,,,,,,,,,,,,,,,,,,,,,,,,
345,J1407,Orthoptique,orthoptiste,,,,,,,,,,,,,,,,,,,,,,,,,,,,,,,,,,,,,,,
346,J1408,Ostéopathie et chiropraxie,ostéopathe,,,,,,,,,,,,,,,,,,,,,,,,,,,,,,,,,,,,,,,
347,J1409,Pédicurie et podologie,pédicure-podologue,,,,,,,,,,,,,,,,,,,,,,,,,,,,,,,,,,,,,,,
348,J1410,Prothèses dentaires,prothésiste dentaire,,,,,,,,,,,,,,,,,,,,,,,,,,,,,,,,,,,,,,,
349,J1411,Prothèses et orthèses,orthoprothésiste,podo-orthésiste,,,,,,,,,,,,,,,,,,,,,,,,,,,,,,,,,,,,,,
350,J1412,Rééducation en psychomotricité,psychomotricien / psychomotricienne,,,,,,,,,,,,,,,,,,,,,,,,,,,,,,,,,,,,,,,
351,J1501,"Soins d'hygiène, de confort du patient",aide-soignant / aide-soignante,,,,,,,,,,,,,,,,,,,,,,,,,,,,,,,,,,,,,,,
352,J1502,Coordination de services médicaux ou paramédicaux,,,,,,,,,,,,,,,,,,,,,,,,,,,,,,,,,,,,,,,,
353,J1503,Soins infirmiers spécialisés en anesthésie,,,,,,,,,,,,,,,,,,,,,,,,,,,,,,,,,,,,,,,,
354,J1504,Soins infirmiers spécialisés en bloc opératoire,,,,,,,,,,,,,,,,,,,,,,,,,,,,,,,,,,,,,,,,
355,J1505,Soins infirmiers spécialisés en prévention,,,,,,,,,,,,,,,,,,,,,,,,,,,,,,,,,,,,,,,,
356,J1506,Soins infirmiers généralistes,infirmier / infirmière,infirmier / infirmière humanitaire,,,,,,,,,,,,,,,,,,,,,,,,,,,,,,,,,,,,,,
357,J1507,Soins infirmiers spécialisés en puériculture,puériculteur / puéricultrice,,,,,,,,,,,,,,,,,,,,,,,,,,,,,,,,,,,,,,,
358,K1101,Accompagnement et médiation familiale,médiateur familial / médiatrice familiale,,,,,,,,,,,,,,,,,,,,,,,,,,,,,,,,,,,,,,,
359,K1102,Aide aux bénéficiaires d'une mesure de protection juridique,mandataire judiciaire,,,,,,,,,,,,,,,,,,,,,,,,,,,,,,,,,,,,,,,
360,K1103,Développement personnel et bien-être de la personne,,,,,,,,,,,,,,,,,,,,,,,,,,,,,,,,,,,,,,,,
361,K1104,Psychologie,psychanalyste,psychologue,,,,,,,,,,,,,,,,,,,,,,,,,,,,,,,,,,,,,,
362,K1201,Action sociale,assistant / assistante de service social,conseiller / conseillère en économie sociale et familiale,,,,,,,,,,,,,,,,,,,,,,,,,,,,,,,,,,,,,,
363,K1202,Éducation de jeunes enfants,éducateur / éducatrice de jeunes enfants,,,,,,,,,,,,,,,,,,,,,,,,,,,,,,,,,,,,,,,
364,K1203,Encadrement technique en insertion professionnelle,éducateur technique spécialisé / éducatrice technique spécialisée,,,,,,,,,,,,,,,,,,,,,,,,,,,,,,,,,,,,,,,
365,K1204,Médiation sociale et facilitation de la vie en société,,,,,,,,,,,,,,,,,,,,,,,,,,,,,,,,,,,,,,,,
366,K1205,Information sociale,conseiller / conseillère en génétique,,,,,,,,,,,,,,,,,,,,,,,,,,,,,,,,,,,,,,,
367,K1206,Intervention socioculturelle,,,,,,,,,,,,,,,,,,,,,,,,,,,,,,,,,,,,,,,,
368,K1207,Intervention socioéducative,éducateur spécialisé / éducatrice spécialisée,moniteur-éducateur / monitrice-éducatrice,éducateur / éducatrice de la protection judiciaire de la jeunesse (PJJ),conseiller / conseillère pénitentiaire d'insertion et de probation,,,,,,,,,,,,,,,,,,,,,,,,,,,,,,,,,,,,
369,K1301,Accompagnement médicosocial,aide médico-psychologique,,,,,,,,,,,,,,,,,,,,,,,,,,,,,,,,,,,,,,,
370,K1302,Assistance auprès d'adultes,auxiliaire de vie sociale,,,,,,,,,,,,,,,,,,,,,,,,,,,,,,,,,,,,,,,
371,K1303,Assistance auprès d'enfants,assistant maternel / assistante maternelle,,,,,,,,,,,,,,,,,,,,,,,,,,,,,,,,,,,,,,,
372,K1304,Services domestiques,,,,,,,,,,,,,,,,,,,,,,,,,,,,,,,,,,,,,,,,
373,K1305,Intervention sociale et familiale,technicien / technicienne de l'intervention sociale et familiale,,,,,,,,,,,,,,,,,,,,,,,,,,,,,,,,,,,,,,,
374,K1401,Conception et pilotage de la politique des pouvoirs publics,secrétaire des Affaires étrangères,,,,,,,,,,,,,,,,,,,,,,,,,,,,,,,,,,,,,,,
375,K1402,Conseil en Santé Publique,chargé / chargée de veille législative et réglementaire,,,,,,,,,,,,,,,,,,,,,,,,,,,,,,,,,,,,,,,
376,K1403,"Management de structure de santé, sociale ou pénitentiaire",directeur / directrice d'hôpital,directeur / directrice de centre pénitentiaire,,,,,,,,,,,,,,,,,,,,,,,,,,,,,,,,,,,,,,
377,K1404,Mise en oeuvre et pilotage de la politique des pouvoirs publics,attaché territorial / attachée territoriale,rédacteur territorial / rédactrice territoriale,chef / cheffe de projet territorial,développeur / développeuse économique,,,,,,,,,,,,,,,,,,,,,,,,,,,,,,,,,,,,
378,K1405,Représentation de l'Etat sur le territoire national ou international,,,,,,,,,,,,,,,,,,,,,,,,,,,,,,,,,,,,,,,,
379,K1501,Application des règles financières publiques,,,,,,,,,,,,,,,,,,,,,,,,,,,,,,,,,,,,,,,,
380,K1502,Contrôle et inspection des Affaires Sociales,"inspecteur / inspectrice des douanes, des finances publiques ou du travail",,,,,,,,,,,,,,,,,,,,,,,,,,,,,,,,,,,,,,,
381,K1503,Contrôle et inspection des impôts,,,,,,,,,,,,,,,,,,,,,,,,,,,,,,,,,,,,,,,,
382,K1504,Contrôle et inspection du Trésor Public,,,,,,,,,,,,,,,,,,,,,,,,,,,,,,,,,,,,,,,,
383,K1505,Protection des consommateurs et contrôle des échanges commerciaux,,,,,,,,,,,,,,,,,,,,,,,,,,,,,,,,,,,,,,,,
384,K1601,Gestion de l'information et de la documentation,archiviste,bibliothécaire,documentaliste,professeur-documentaliste / professeure-documentaliste,iconographe,veilleur / veilleuse stratégique,chargé / chargée de référencement web,,,,,,,,,,,,,,,,,,,,,,,,,,,,,,,,,
385,K1602,Gestion de patrimoine culturel,conservateur / conservatrice du patrimoine,,,,,,,,,,,,,,,,,,,,,,,,,,,,,,,,,,,,,,,
386,K1701,Personnel de la Défense,sous-officier / sous-officière de l'armée de l'air,officier marinier / officière marinière,sous-officier / sous-officière de l'armée de terre,militaire du rang (armée de terre),militaire technicien / technicienne de l'air (MTA),,,,,,,,,,,,,,,,,,,,,,,,,,,,,,,,,,,
387,K1702,Direction de la sécurité civile et des secours,,,,,,,,,,,,,,,,,,,,,,,,,,,,,,,,,,,,,,,,
388,K1703,Direction opérationnelle de la défense,officier / officière de l'armée de l'air,officier de marine / officière de marine,officier / officière de l'armée de terre,,,,,,,,,,,,,,,,,,,,,,,,,,,,,,,,,,,,,
389,K1704,Management de la sécurité publique,commissaire de police,officier / officière de police,officier / officière de gendarmerie,,,,,,,,,,,,,,,,,,,,,,,,,,,,,,,,,,,,,
390,K1705,Sécurité civile et secours,sapeur-pompier,maître-chien,pisteur / pisteuse secouriste,médecin de secours en montagne,,,,,,,,,,,,,,,,,,,,,,,,,,,,,,,,,,,,
391,K1706,Sécurité publique,gardien / gardienne de la paix,gendarme,surveillant / surveillante de centre pénitentiaire,,,,,,,,,,,,,,,,,,,,,,,,,,,,,,,,,,,,,
392,K1707,Surveillance municipale,garde à cheval,gardien / gardienne de police municipale,,,,,,,,,,,,,,,,,,,,,,,,,,,,,,,,,,,,,,
393,K1801,Conseil en emploi et insertion socioprofessionnelle,conseiller / conseillère en insertion sociale et professionnelle,,,,,,,,,,,,,,,,,,,,,,,,,,,,,,,,,,,,,,,
394,K1802,Développement local,urbaniste,agent / agente de développement local,développeur rural / développeuse rurale humanitaire,,,,,,,,,,,,,,,,,,,,,,,,,,,,,,,,,,,,,
395,K1901,Aide et médiation judiciaire,huissier / huissière de justice,notaire,collaborateur de notaire / collaboratrice de notaire,commissaire-priseur / priseuse,administrateur / administratrice judiciaire,,,,,,,,,,,,,,,,,,,,,,,,,,,,,,,,,,,
396,K1902,Collaboration juridique,greffier / greffière,clerc d'huissier,,,,,,,,,,,,,,,,,,,,,,,,,,,,,,,,,,,,,,
397,K1903,Défense et conseil juridique,avocat / avocate,juriste d'entreprise,juriste droit de l'environnement,juriste en droit social,juriste en propriété intellectuelle,fiscaliste,,,,,,,,,,,,,,,,,,,,,,,,,,,,,,,,,,
398,K1904,Magistrature,magistrat / magistrate,substitut / substitute du procureur,juge des enfants,juge d'instance,juge d'instruction,,,,,,,,,,,,,,,,,,,,,,,,,,,,,,,,,,,
399,K2101,Conseil en formation,,,,,,,,,,,,,,,,,,,,,,,,,,,,,,,,,,,,,,,,
400,K2102,Coordination pédagogique,,,,,,,,,,,,,,,,,,,,,,,,,,,,,,,,,,,,,,,,
401,K2103,Direction d'établissement et d'enseignement,,,,,,,,,,,,,,,,,,,,,,,,,,,,,,,,,,,,,,,,
402,K2104,Éducation et surveillance au sein d'établissements d'enseignement,conseiller principal d'éducation / conseillère principale d'éducation,,,,,,,,,,,,,,,,,,,,,,,,,,,,,,,,,,,,,,,
403,K2105,Enseignement artistique,professeur / professeure de musique et de danse,,,,,,,,,,,,,,,,,,,,,,,,,,,,,,,,,,,,,,,
404,K2106,Enseignement des écoles,professeur des écoles / professeure des écoles,enseignant spécialisé / enseignante spécialisée,enseignant / enseignante humanitaire,,,,,,,,,,,,,,,,,,,,,,,,,,,,,,,,,,,,,
405,K2107,Enseignement général du second degré,professeur / professeure de collège et de lycée,enseignant / enseignante d'art,professeur / professeure de mathématiques ou de physique-chimie,,,,,,,,,,,,,,,,,,,,,,,,,,,,,,,,,,,,,
406,K2108,Enseignement supérieur,enseignant-chercheur / enseignante-chercheuse,,,,,,,,,,,,,,,,,,,,,,,,,,,,,,,,,,,,,,,
407,K2109,Enseignement technique et professionnel,professeur / professeure dans l'enseignement agricole,professeur / professeure de lycée professionnel,,,,,,,,,,,,,,,,,,,,,,,,,,,,,,,,,,,,,,
408,K2110,Formation en conduite de véhicules,enseignant / enseignante de la conduite automobile et de la sécurité routière,inspecteur / inspectrice du permis de conduire et de la sécurité routière,,,,,,,,,,,,,,,,,,,,,,,,,,,,,,,,,,,,,,
409,K2111,Formation professionnelle,formateur / formatrice d'adultes,formateur / formatrice en informatique,,,,,,,,,,,,,,,,,,,,,,,,,,,,,,,,,,,,,,
410,K2112,Orientation scolaire et professionnelle,conseiller / conseillère d'orientation-psychologue,,,,,,,,,,,,,,,,,,,,,,,,,,,,,,,,,,,,,,,
411,K2201,Blanchisserie industrielle,,,,,,,,,,,,,,,,,,,,,,,,,,,,,,,,,,,,,,,,
412,K2202,Lavage de vitres,,,,,,,,,,,,,,,,,,,,,,,,,,,,,,,,,,,,,,,,
413,K2203,Management et inspection en propreté de locaux,,,,,,,,,,,,,,,,,,,,,,,,,,,,,,,,,,,,,,,,
414,K2204,Nettoyage de locaux,agent / agente de propreté et d'hygiène,,,,,,,,,,,,,,,,,,,,,,,,,,,,,,,,,,,,,,,
415,K2301,Distribution et assainissement d'eau,technicien / technicienne d'exploitation de l'eau,,,,,,,,,,,,,,,,,,,,,,,,,,,,,,,,,,,,,,,
416,K2302,Management et inspection en environnement urbain,responsable de la collecte des déchets ménagers,responsable de réseau d'assainissement,,,,,,,,,,,,,,,,,,,,,,,,,,,,,,,,,,,,,,
417,K2303,Nettoyage des espaces urbains,agent / agente de propreté urbaine,,,,,,,,,,,,,,,,,,,,,,,,,,,,,,,,,,,,,,,
418,K2304,Revalorisation de produits industriels,,,,,,,,,,,,,,,,,,,,,,,,,,,,,,,,,,,,,,,,
419,K2305,Salubrité et traitement de nuisibles,,,,,,,,,,,,,,,,,,,,,,,,,,,,,,,,,,,,,,,,
420,K2306,Supervision d'exploitation éco-industrielle,technicien / technicienne en traitement des déchets,chef de station de traitement des eaux,chef d'exploitation d'usine d'incinération,responsable de réseau eau potable,responsable de site de traitement des déchets,,,,,,,,,,,,,,,,,,,,,,,,,,,,,,,,,,,
421,K2401,Recherche en sciences de l'homme et de la société,ethnologue,archéologue,sociologue,démographe,linguiste,paléontologue,,,,,,,,,,,,,,,,,,,,,,,,,,,,,,,,,,
422,K2402,"Recherche en sciences de l'univers, de la matière et du vivant",zoologiste,botaniste,océanologue,technicien / technicienne en optique de précision,ergonome,astrophysicien / astrophysicienne,biologiste en environnement,chercheur / chercheuse en biologie,chercheur / chercheuse en chimie,biostatisticien / biostatisticienne,chercheur / chercheuse en physique,climatologue,bactériologiste,généticien / généticienne,microbiologiste,histologiste,ingénieur / ingénieure de la police technique et scientifique,ingénieur / ingénieure de recherche clinique et épidémiologique,ingénieur / ingénieure mathématicien /mathématicienne,,,,,,,,,,,,,,,,,,,,,
423,K2501,Gardiennage de locaux,,,,,,,,,,,,,,,,,,,,,,,,,,,,,,,,,,,,,,,,
424,K2502,Management de sécurité privée,enquêteur privé / enquêtrice privée,,,,,,,,,,,,,,,,,,,,,,,,,,,,,,,,,,,,,,,
425,K2503,Sécurité et surveillance privées,agent / agente de sécurité,convoyeur / convoyeuse de fonds,,,,,,,,,,,,,,,,,,,,,,,,,,,,,,,,,,,,,,
426,K2601,Conduite d'opérations funéraires,,,,,,,,,,,,,,,,,,,,,,,,,,,,,,,,,,,,,,,,
427,K2602,Conseil en services funéraires,,,,,,,,,,,,,,,,,,,,,,,,,,,,,,,,,,,,,,,,
428,K2603,Thanatopraxie,,,,,,,,,,,,,,,,,,,,,,,,,,,,,,,,,,,,,,,,
429,L1101,Animation musicale et scénique,,,,,,,,,,,,,,,,,,,,,,,,,,,,,,,,,,,,,,,,
430,L1102,Mannequinat et pose artistique,,,,,,,,,,,,,,,,,,,,,,,,,,,,,,,,,,,,,,,,
431,L1103,Présentation de spectacles ou d'émissions,animateur / animatrice de radio et de télévision,,,,,,,,,,,,,,,,,,,,,,,,,,,,,,,,,,,,,,,
432,L1201,Danse,danseur / danseuse,,,,,,,,,,,,,,,,,,,,,,,,,,,,,,,,,,,,,,,
433,L1202,Musique et chant,musicien / musicienne,chanteur / chanteuse,auteur-compositeur interprète / auteure-compositrice interprète,,,,,,,,,,,,,,,,,,,,,,,,,,,,,,,,,,,,,
434,L1203,Art dramatique,comédien / comédienne,,,,,,,,,,,,,,,,,,,,,,,,,,,,,,,,,,,,,,,
435,L1204,Arts du cirque et arts visuels,artiste de cirque,,,,,,,,,,,,,,,,,,,,,,,,,,,,,,,,,,,,,,,
436,L1301,Mise en scène de spectacles vivants,metteur / metteuse en scène,,,,,,,,,,,,,,,,,,,,,,,,,,,,,,,,,,,,,,,
437,L1302,"Production et administration spectacle, cinéma et audiovisuel",responsable de projets culturels,chargé / chargée de production,administrateur / administratrice de spectacle,,,,,,,,,,,,,,,,,,,,,,,,,,,,,,,,,,,,,
438,L1303,Promotion d'artistes et de spectacles,agent / agente artistique,,,,,,,,,,,,,,,,,,,,,,,,,,,,,,,,,,,,,,,
439,L1304,Réalisation cinématographique et audiovisuelle,assistant réalisateur / assistante réalisatrice,scripte,,,,,,,,,,,,,,,,,,,,,,,,,,,,,,,,,,,,,,
440,L1401,Sportif professionnel,sportif / sportive de haut niveau,entraîneur / entraîneuse de chevaux,,,,,,,,,,,,,,,,,,,,,,,,,,,,,,,,,,,,,,
441,L1501,Coiffure et maquillage spectacle,maquilleur / maquilleuse artistique,,,,,,,,,,,,,,,,,,,,,,,,,,,,,,,,,,,,,,,
442,L1502,Costume et habillage spectacle,costumier / costumière,,,,,,,,,,,,,,,,,,,,,,,,,,,,,,,,,,,,,,,
443,L1503,Décor et accessoires spectacle,décorateur / décoratrice-scénographe,accessoiriste,,,,,,,,,,,,,,,,,,,,,,,,,,,,,,,,,,,,,,
444,L1504,Éclairage spectacle,éclairagiste,régisseur / régisseuse lumière,,,,,,,,,,,,,,,,,,,,,,,,,,,,,,,,,,,,,,
445,L1505,Image cinématographique et télévisuelle,cadreur / cadreuse,directeur / directrice de la photographie,,,,,,,,,,,,,,,,,,,,,,,,,,,,,,,,,,,,,,
446,L1506,Machinerie spectacle,machiniste-constructeur / constructrice ou plateau,,,,,,,,,,,,,,,,,,,,,,,,,,,,,,,,,,,,,,,
447,L1507,Montage audiovisuel et post-production,chef monteur / cheffe monteuse,mixeur / mixeuse son,designer sonore,,,,,,,,,,,,,,,,,,,,,,,,,,,,,,,,,,,,,
448,L1508,Prise de son et sonorisation,ingénieur / ingénieure du son,,,,,,,,,,,,,,,,,,,,,,,,,,,,,,,,,,,,,,,
449,L1509,Régie générale,régisseur / régisseuse de spectacles,régisseur général / régisseuse générale cinéma,,,,,,,,,,,,,,,,,,,,,,,,,,,,,,,,,,,,,,
450,M1101,Achats,acheteur / acheteuse,,,,,,,,,,,,,,,,,,,,,,,,,,,,,,,,,,,,,,,
451,M1102,Direction des achats,responsable achats en chimie,responsable approvisionnement,,,,,,,,,,,,,,,,,,,,,,,,,,,,,,,,,,,,,,
452,M1201,Analyse et ingénierie financière,analyste financier / financière,manager de risques,conseiller / conseillère en fusions-acquisitions,,,,,,,,,,,,,,,,,,,,,,,,,,,,,,,,,,,,,
453,M1202,Audit et contrôle comptables et financiers,expert-comptable / experte-comptable,auditeur / auditrice interne,auditeur / auditrice externe,inspecteur / inspectrice de banque,,,,,,,,,,,,,,,,,,,,,,,,,,,,,,,,,,,,
454,M1203,Comptabilité,comptable,,,,,,,,,,,,,,,,,,,,,,,,,,,,,,,,,,,,,,,
455,M1204,Contrôle de gestion,contrôleur / contrôleuse de gestion,,,,,,,,,,,,,,,,,,,,,,,,,,,,,,,,,,,,,,,
456,M1205,Direction administrative et financière,salesman,,,,,,,,,,,,,,,,,,,,,,,,,,,,,,,,,,,,,,,
457,M1206,Management de groupe ou de service comptable,chef / cheffe comptable,,,,,,,,,,,,,,,,,,,,,,,,,,,,,,,,,,,,,,,
458,M1207,Trésorerie et financement,credit manager,,,,,,,,,,,,,,,,,,,,,,,,,,,,,,,,,,,,,,,
459,M1301,Direction de grande entreprise ou d'établissement public,,,,,,,,,,,,,,,,,,,,,,,,,,,,,,,,,,,,,,,,
460,M1302,Direction de petite ou moyenne entreprise,assistant / assistante de gestion en PME,,,,,,,,,,,,,,,,,,,,,,,,,,,,,,,,,,,,,,,
461,M1401,Conduite d'enquêtes,,,,,,,,,,,,,,,,,,,,,,,,,,,,,,,,,,,,,,,,
462,M1402,Conseil en organisation et management d'entreprise,consultant / consultante,agent / agente de développement des énergies renouvelables,ingénieur écoconcepteur / ingénieure écoconceptrice,consultant / consultante green IT,consultant / consultante en conduite de changement,consultant / consultante en management de l'innovation,auditeur / auditrice qualité,,,,,,,,,,,,,,,,,,,,,,,,,,,,,,,,,
463,M1403,Études et prospectives socio-économiques,chargé / chargée d'études économiques,chargé / chargée d'études en marketing,statisticien / statisticienne,statisticien / statisticienne en analyse sensorielle,statisticien / statisticienne en géomarketing,statisticien industriel / statisticienne industrielle,économètre statisticien / statisticienne,,,,,,,,,,,,,,,,,,,,,,,,,,,,,,,,,
464,M1404,Management et gestion d'enquêtes,,,,,,,,,,,,,,,,,,,,,,,,,,,,,,,,,,,,,,,,
465,M1501,Assistanat en ressources humaines,assistant / assistante en ressources humaines,,,,,,,,,,,,,,,,,,,,,,,,,,,,,,,,,,,,,,,
466,M1502,Développement des ressources humaines,responsable du recrutement,responsable de formation,chargé / chargée d'études ressources humaines,,,,,,,,,,,,,,,,,,,,,,,,,,,,,,,,,,,,,
467,M1503,Management des ressources humaines,responsable des ressources humaines,responsable de rémunération,,,,,,,,,,,,,,,,,,,,,,,,,,,,,,,,,,,,,,
468,M1601,Accueil et renseignements,,,,,,,,,,,,,,,,,,,,,,,,,,,,,,,,,,,,,,,,
469,M1602,Opérations administratives,,,,,,,,,,,,,,,,,,,,,,,,,,,,,,,,,,,,,,,,
470,M1603,Distribution de documents,facteur / factrice,,,,,,,,,,,,,,,,,,,,,,,,,,,,,,,,,,,,,,,
471,M1604,Assistanat de direction,,,,,,,,,,,,,,,,,,,,,,,,,,,,,,,,,,,,,,,,
472,M1605,Assistanat technique et administratif,,,,,,,,,,,,,,,,,,,,,,,,,,,,,,,,,,,,,,,,
473,M1606,Saisie de données,,,,,,,,,,,,,,,,,,,,,,,,,,,,,,,,,,,,,,,,
474,M1607,Secrétariat,secrétaire,adjoint administratif / adjointe administrative,attaché / attachée d'administration,secrétaire administratif / administrative,secrétaire juridique,,,,,,,,,,,,,,,,,,,,,,,,,,,,,,,,,,,
475,M1608,Secrétariat comptable,,,,,,,,,,,,,,,,,,,,,,,,,,,,,,,,,,,,,,,,
476,M1609,Secrétariat et assistanat médical ou médico-social,secrétaire médical / médicale,,,,,,,,,,,,,,,,,,,,,,,,,,,,,,,,,,,,,,,
477,M1701,Administration des ventes,,,,,,,,,,,,,,,,,,,,,,,,,,,,,,,,,,,,,,,,
478,M1702,Analyse de tendance,,,,,,,,,,,,,,,,,,,,,,,,,,,,,,,,,,,,,,,,
479,M1703,Management et gestion de produit,,,,,,,,,,,,,,,,,,,,,,,,,,,,,,,,,,,,,,,,
480,M1704,Management relation clientèle,responsable e-CRM,,,,,,,,,,,,,,,,,,,,,,,,,,,,,,,,,,,,,,,
481,M1705,Marketing,chef / cheffe de produit marketing,collecteur / collectrice de fonds,chef de produit technique en informatique,,,,,,,,,,,,,,,,,,,,,,,,,,,,,,,,,,,,,
482,M1706,Promotion des ventes,responsable de la promotion des ventes,,,,,,,,,,,,,,,,,,,,,,,,,,,,,,,,,,,,,,,
483,M1707,Stratégie commerciale,,,,,,,,,,,,,,,,,,,,,,,,,,,,,,,,,,,,,,,,
484,M1801,Administration de systèmes d'information,administrateur / administratrice de base de données,administrateur / administratrice réseaux,cryptologue,,,,,,,,,,,,,,,,,,,,,,,,,,,,,,,,,,,,,
485,M1802,Expertise et support en systèmes d'information,ingénieur / ingénieure système,architecte réseaux,expert / experte en sécurité informatique,chargé / chargée des méthodes outils et qualité en informatique,gestionnaire de contrats informatiques,ingénieur / ingénieure cloud computing,gestionnaire de données cliniques,data manager,architecte des systèmes d'information,,,,,,,,,,,,,,,,,,,,,,,,,,,,,,,
486,M1803,Direction des systèmes d'information,chef de projet informatique,chef de projet web/mobile,,,,,,,,,,,,,,,,,,,,,,,,,,,,,,,,,,,,,,
487,M1804,Études et développement de réseaux de télécoms,ingénieur / ingénieure télécoms et réseaux,,,,,,,,,,,,,,,,,,,,,,,,,,,,,,,,,,,,,,,
488,M1805,Études et développement informatique,développeur / développeuse informatique,cogniticien / cogniticienne,testeur / testeuse,ingénieur / ingénieure études et développement en logiciels de simulation,développeur / développeuse d'applications mobiles,administrateur / administratrice de logiciels de laboratoire,ingénieur / ingénieure traitement de l'image,ingénieur / ingénieure logiciel,,,,,,,,,,,,,,,,,,,,,,,,,,,,,,,,
489,M1806,Conseil et maîtrise d'ouvrage en systèmes d'information,consultant / consultante en solutions intégrées,consultant / consultante informatique,spécialiste de l'accessibilité numérique,consultant / consultante en informatique décisionnelle,consultant / consultante en systèmes d'information,consultant / consultante SaaS,,,,,,,,,,,,,,,,,,,,,,,,,,,,,,,,,,
490,M1807,Exploitation de systèmes de communication et de commandement,,,,,,,,,,,,,,,,,,,,,,,,,,,,,,,,,,,,,,,,
491,M1808,Information géographique,cartographe,géographe,géomaticien / géomaticienne,,,,,,,,,,,,,,,,,,,,,,,,,,,,,,,,,,,,,
492,M1809,Information météorologique,météorologiste,,,,,,,,,,,,,,,,,,,,,,,,,,,,,,,,,,,,,,,
493,M1810,Production et exploitation de systèmes d'information,gestionnaire de parc micro-informatique,,,,,,,,,,,,,,,,,,,,,,,,,,,,,,,,,,,,,,,
494,N1101,Conduite d'engins de déplacement des charges,,,,,,,,,,,,,,,,,,,,,,,,,,,,,,,,,,,,,,,,
495,N1102,Déménagement,déménageur / déménageuse,,,,,,,,,,,,,,,,,,,,,,,,,,,,,,,,,,,,,,,
496,N1103,Magasinage et préparation de commandes,magasinier / magasinière cariste,,,,,,,,,,,,,,,,,,,,,,,,,,,,,,,,,,,,,,,
497,N1104,Manoeuvre et conduite d'engins lourds de manutention,,,,,,,,,,,,,,,,,,,,,,,,,,,,,,,,,,,,,,,,
498,N1105,Manutention manuelle de charges,,,,,,,,,,,,,,,,,,,,,,,,,,,,,,,,,,,,,,,,
499,N1201,Affrètement transport,,,,,,,,,,,,,,,,,,,,,,,,,,,,,,,,,,,,,,,,
500,N1202,Gestion des opérations de circulation internationale des marchandises,agent / agente de transit,déclarant / déclarante en douane,consignataire de navire,,,,,,,,,,,,,,,,,,,,,,,,,,,,,,,,,,,,,
501,N1301,Conception et organisation de la chaîne logistique,administrateur / administratrice de mission humanitaire,chef de mission humanitaire,,,,,,,,,,,,,,,,,,,,,,,,,,,,,,,,,,,,,,
502,N1302,Direction de site logistique,,,,,,,,,,,,,,,,,,,,,,,,,,,,,,,,,,,,,,,,
503,N1303,Intervention technique d'exploitation logistique,logisticien / logisticienne,,,,,,,,,,,,,,,,,,,,,,,,,,,,,,,,,,,,,,,
504,N2101,Navigation commerciale aérienne,hôtesse de l'air / steward,,,,,,,,,,,,,,,,,,,,,,,,,,,,,,,,,,,,,,,
505,N2102,Pilotage et navigation technique aérienne,pilote de ligne,pilote d'hélicoptère,,,,,,,,,,,,,,,,,,,,,,,,,,,,,,,,,,,,,,
506,N2201,Personnel d'escale aéroportuaire,,,,,,,,,,,,,,,,,,,,,,,,,,,,,,,,,,,,,,,,
507,N2202,Contrôle de la navigation aérienne,contrôleur aérien / contrôleuse aérienne,,,,,,,,,,,,,,,,,,,,,,,,,,,,,,,,,,,,,,,
508,N2203,Exploitation des pistes aéroportuaires,,,,,,,,,,,,,,,,,,,,,,,,,,,,,,,,,,,,,,,,
509,N2204,Préparation des vols,,,,,,,,,,,,,,,,,,,,,,,,,,,,,,,,,,,,,,,,
510,N2205,Direction d'escale et exploitation aéroportuaire,,,,,,,,,,,,,,,,,,,,,,,,,,,,,,,,,,,,,,,,
511,N3101,Encadrement de la navigation maritime,officier / officière de la marine marchande,,,,,,,,,,,,,,,,,,,,,,,,,,,,,,,,,,,,,,,
512,N3102,Equipage de la navigation maritime,matelot de la marine marchande,matelot /matelote de la Marine Nationale,,,,,,,,,,,,,,,,,,,,,,,,,,,,,,,,,,,,,,
513,N3103,Navigation fluviale,batelier / batelière,,,,,,,,,,,,,,,,,,,,,,,,,,,,,,,,,,,,,,,
514,N3201,Exploitation des opérations portuaires et du transport maritime,,,,,,,,,,,,,,,,,,,,,,,,,,,,,,,,,,,,,,,,
515,N3202,Exploitation du transport fluvial,,,,,,,,,,,,,,,,,,,,,,,,,,,,,,,,,,,,,,,,
516,N3203,Manutention portuaire,,,,,,,,,,,,,,,,,,,,,,,,,,,,,,,,,,,,,,,,
517,N4101,Conduite de transport de marchandises sur longue distance,conducteur routier / conductrice routière,,,,,,,,,,,,,,,,,,,,,,,,,,,,,,,,,,,,,,,
518,N4102,Conduite de transport de particuliers,chauffeur / chauffeuse de taxi,,,,,,,,,,,,,,,,,,,,,,,,,,,,,,,,,,,,,,,
519,N4103,Conduite de transport en commun sur route,conducteur / conductrice de bus ou d'autocar,,,,,,,,,,,,,,,,,,,,,,,,,,,,,,,,,,,,,,,
520,N4104,Courses et livraisons express,,,,,,,,,,,,,,,,,,,,,,,,,,,,,,,,,,,,,,,,
521,N4105,Conduite et livraison par tournées sur courte distance,,,,,,,,,,,,,,,,,,,,,,,,,,,,,,,,,,,,,,,,
522,N4201,Direction d'exploitation des transports routiers de marchandises,,,,,,,,,,,,,,,,,,,,,,,,,,,,,,,,,,,,,,,,
523,N4202,Direction d'exploitation des transports routiers de personnes,,,,,,,,,,,,,,,,,,,,,,,,,,,,,,,,,,,,,,,,
524,N4203,Intervention technique d'exploitation des transports routiers de marchandises,,,,,,,,,,,,,,,,,,,,,,,,,,,,,,,,,,,,,,,,
525,N4204,Intervention technique d'exploitation des transports routiers de personnes,,,,,,,,,,,,,,,,,,,,,,,,,,,,,,,,,,,,,,,,
526,N4301,Conduite sur rails,conducteur / conductrice de train / TGV,conducteur / conductrice de métro,,,,,,,,,,,,,,,,,,,,,,,,,,,,,,,,,,,,,,
527,N4302,Contrôle des transports en commun,commercial / commerciale à bord des trains,,,,,,,,,,,,,,,,,,,,,,,,,,,,,,,,,,,,,,,
528,N4401,Circulation du réseau ferré,agent / agente de sûreté ferroviaire,agent / agente des méthodes,,,,,,,,,,,,,,,,,,,,,,,,,,,,,,,,,,,,,,
529,N4402,Exploitation et manoeuvre des remontées mécaniques,électromécanicien / électromécanicienne en remontées mécaniques,chef / cheffe d'exploitation des remontées mécaniques,,,,,,,,,,,,,,,,,,,,,,,,,,,,,,,,,,,,,,
530,N4403,Manoeuvre du réseau ferré,,,,,,,,,,,,,,,,,,,,,,,,,,,,,,,,,,,,,,,,
